{"loss": 0.6232088804244995, "_timestamp": 1709095371.3218791, "_runtime": 930.503956079483, "_step": 237, "parameters/weight": {"_type": "histogram", "values": [1.0, 0.0, 0.0, 1.0, 3.0, 2.0, 3.0, 5.0, 10.0, 11.0, 12.0, 20.0, 23.0, 24.0, 37.0, 57.0, 66.0, 70.0, 76.0, 77.0, 110.0, 124.0, 129.0, 142.0, 157.0, 198.0, 178.0, 189.0, 173.0, 211.0, 206.0, 190.0, 234.0, 193.0, 186.0, 211.0, 175.0, 171.0, 159.0, 164.0, 127.0, 163.0, 128.0, 108.0, 104.0, 93.0, 65.0, 66.0, 45.0, 42.0, 46.0, 27.0, 24.0, 22.0, 13.0, 14.0, 10.0, 8.0, 6.0, 4.0, 2.0, 4.0, 0.0, 1.0], "bins": [-0.13934415578842163, -0.13516470789909363, -0.13098524510860443, -0.12680578231811523, -0.12262633442878723, -0.11844687908887863, -0.11426742374897003, -0.11008796840906143, -0.10590851306915283, -0.10172905772924423, -0.09754960238933563, -0.09337014704942703, -0.08919069170951843, -0.08501123636960983, -0.08083178102970123, -0.07665232568979263, -0.07247287034988403, -0.06829341500997543, -0.06411395967006683, -0.059934504330158234, -0.055755048990249634, -0.051575593650341034, -0.047396138310432434, -0.043216682970523834, -0.039037227630615234, -0.034857772290706635, -0.030678316950798035, -0.026498861610889435, -0.022319406270980835, -0.018139950931072235, -0.013960495591163635, -0.009781040251255035, -0.005601570010185242, -0.0014221146702766418, 0.002757340669631958, 0.006936796009540558, 0.011116251349449158, 0.015295706689357758, 0.019475162029266357, 0.023654617369174957, 0.027834072709083557, 0.03201352804899216, 0.03619298338890076, 0.04037243872880936, 0.04455189406871796, 0.048731349408626556, 0.052910804748535156, 0.057090260088443756, 0.061269715428352356, 0.06544917076826096, 0.06962862610816956, 0.07380808144807816, 0.07798753678798676, 0.08216699212789536, 0.08634644746780396, 0.09052590280771255, 0.09470535814762115, 0.09888481348752975, 0.10306426882743835, 0.10724372416734695, 0.11142317950725555, 0.11560263484716415, 0.11978209018707275, 0.12396154552698135, 0.12814100086688995]}, "parameters/bias": {"_type": "histogram", "values": [1.0, 0.0, 0.0, 0.0, 1.0, 1.0, 0.0, 0.0, 0.0, 0.0, 0.0, 0.0, 0.0, 0.0, 0.0, 0.0, 0.0, 0.0, 0.0, 1.0, 0.0, 0.0, 0.0, 0.0, 0.0, 0.0, 1.0, 0.0, 0.0, 0.0, 0.0, 0.0, 0.0, 0.0, 1.0, 0.0, 0.0, 0.0, 0.0, 0.0, 0.0, 0.0, 0.0, 0.0, 0.0, 0.0, 0.0, 0.0, 0.0, 0.0, 2.0, 0.0, 0.0, 0.0, 0.0, 0.0, 0.0, 0.0, 0.0, 0.0, 0.0, 1.0, 0.0, 1.0], "bins": [-0.036368463188409805, -0.03516998142004013, -0.03397149592638016, -0.032773010432720184, -0.03157452866435051, -0.030376045033335686, -0.029177561402320862, -0.027979077771306038, -0.026780594140291214, -0.02558211050927639, -0.024383626878261566, -0.023185143247246742, -0.02198665961623192, -0.020788175985217094, -0.01958969235420227, -0.018391208723187447, -0.017192725092172623, -0.0159942414611578, -0.014795757830142975, -0.013597274199128151, -0.012398790568113327, -0.011200306937098503, -0.01000182330608368, -0.008803339675068855, -0.007604856044054031, -0.0064063724130392075, -0.0052078887820243835, -0.00400940515100956, -0.0028109215199947357, -0.0016124378889799118, -0.0004139542579650879, 0.000784529373049736, 0.0019830092787742615, 0.0031814929097890854, 0.004379976540803909, 0.005578460171818733, 0.006776943802833557, 0.007975427433848381, 0.009173911064863205, 0.010372394695878029, 0.011570878326892853, 0.012769361957907677, 0.0139678455889225, 0.015166329219937325, 0.01636481285095215, 0.017563296481966972, 0.018761780112981796, 0.01996026374399662, 0.021158747375011444, 0.022357231006026268, 0.023555714637041092, 0.024754198268055916, 0.02595268189907074, 0.027151165530085564, 0.028349649161100388, 0.02954813279211521, 0.030746616423130035, 0.03194510191679001, 0.03314358368515968, 0.03434206545352936, 0.03554055094718933, 0.036739036440849304, 0.03793751820921898, 0.039135999977588654, 0.04033448547124863]}, "gradients/bias": {"_type": "histogram", "values": [1.0, 0.0, 0.0, 0.0, 1.0, 0.0, 1.0, 0.0, 0.0, 0.0, 0.0, 0.0, 0.0, 0.0, 0.0, 0.0, 0.0, 0.0, 0.0, 0.0, 0.0, 0.0, 0.0, 0.0, 0.0, 0.0, 0.0, 0.0, 0.0, 0.0, 0.0, 0.0, 0.0, 0.0, 0.0, 0.0, 0.0, 0.0, 0.0, 0.0, 0.0, 0.0, 0.0, 1.0, 0.0, 1.0, 1.0, 0.0, 0.0, 1.0, 0.0, 1.0, 0.0, 1.0, 0.0, 0.0, 0.0, 0.0, 0.0, 0.0, 0.0, 0.0, 0.0, 1.0], "bins": [-0.05995095521211624, -0.058304592967033386, -0.05665823072195053, -0.055011868476867676, -0.05336550623178482, -0.051719143986701965, -0.05007278546690941, -0.04842642322182655, -0.0467800609767437, -0.04513369873166084, -0.04348733648657799, -0.04184097424149513, -0.04019461199641228, -0.03854824975132942, -0.03690188750624657, -0.03525552526116371, -0.033609166741371155, -0.0319628044962883, -0.030316440388560295, -0.02867008000612259, -0.027023717761039734, -0.02537735551595688, -0.023730993270874023, -0.022084631025791168, -0.020438268780708313, -0.018791908398270607, -0.017145546153187752, -0.015499183908104897, -0.013852821663022041, -0.01220646034926176, -0.010560098104178905, -0.008913736790418625, -0.00726737454533577, -0.005621012765914202, -0.003974650986492634, -0.0023282887414097786, -0.0006819269619882107, 0.0009644349338486791, 0.002610796829685569, 0.00425715884193778, 0.005903520621359348, 0.007549882400780916, 0.009196244180202484, 0.01084260642528534, 0.012488968670368195, 0.014135329984128475, 0.015781691297888756, 0.01742805354297161, 0.019074415788054466, 0.02072077803313732, 0.022367140278220177, 0.024013500660657883, 0.025659862905740738, 0.027306225150823593, 0.02895258739590645, 0.030598949640989304, 0.03224531188607216, 0.033891674131155014, 0.03553803637623787, 0.037184394896030426, 0.03883075714111328, 0.040477119386196136, 0.04212348163127899, 0.04376984387636185, 0.0454162061214447]}, "gradients/weight": {"_type": "histogram", "values": [2.0, 0.0, 0.0, 1.0, 0.0, 1.0, 1.0, 1.0, 3.0, 2.0, 2.0, 7.0, 7.0, 9.0, 9.0, 20.0, 13.0, 19.0, 24.0, 36.0, 41.0, 52.0, 64.0, 73.0, 71.0, 69.0, 104.0, 110.0, 111.0, 100.0, 109.0, 108.0, 79.0, 99.0, 95.0, 85.0, 86.0, 106.0, 156.0, 191.0, 255.0, 342.0, 374.0, 444.0, 373.0, 383.0, 263.0, 208.0, 114.0, 85.0, 64.0, 41.0, 35.0, 27.0, 18.0, 14.0, 2.0, 2.0, 4.0, 1.0, 2.0, 1.0, 1.0, 1.0], "bins": [-0.16932256519794464, -0.16497455537319183, -0.16062654554843903, -0.15627853572368622, -0.1519305258989334, -0.1475825160741806, -0.1432345062494278, -0.138886496424675, -0.13453848659992218, -0.13019047677516937, -0.12584246695041656, -0.12149446457624435, -0.11714645475149155, -0.11279844492673874, -0.10845043510198593, -0.10410242527723312, -0.09975441545248032, -0.09540640562772751, -0.0910583958029747, -0.0867103859782219, -0.08236237615346909, -0.07801436632871628, -0.07366635650396347, -0.06931834667921066, -0.06497034430503845, -0.060622330754995346, -0.05627432093024254, -0.05192631110548973, -0.04757830500602722, -0.043230295181274414, -0.038882285356521606, -0.0345342755317688, -0.030186258256435394, -0.025838248431682587, -0.02149023860692978, -0.01714223064482212, -0.012794220820069313, -0.008446210995316505, -0.004098202101886272, 0.0002498072572052479, 0.004597816616296768, 0.008945826441049576, 0.013293835334479809, 0.017641844227910042, 0.02198985405266285, 0.026337863877415657, 0.030685871839523315, 0.03503388166427612, 0.03938189148902893, 0.04372990131378174, 0.048077911138534546, 0.052425920963287354, 0.05677393078804016, 0.06112193688750267, 0.06546995043754578, 0.06981796026229858, 0.07416597008705139, 0.0785139724612236, 0.08286198228597641, 0.08720999211072922, 0.09155800193548203, 0.09590601176023483, 0.10025402158498764, 0.10460203140974045, 0.10895004123449326]}, "accuracy": 0.7559999823570251, "_wandb": {"runtime": 928}}